Harbor;Latitude;Longitude
durres;N 41 19;E 019 27
cabinda;S 05 33;E 012 12
lobito;S 12 21;E 013 34
luanda;S 08 47;E 013 16
malongo;S 05 24;E 012 12
soyo;S 06 07;E 012 20
falmouthant;N 17 01;W 061 46
stjohns;N 17 07;W 061 51
arroyoseco;S 33 07;W 060 30
bahiablanca;S 38 50;W 062 12
buenosaires;S 34 37;W 058 22
campana;S 34 09;W 058 57
escobar;S 34 15;W 058 46
Buitrango;S 33 27;W 060 03
laplata;S 34 51;W 057 53
puertodeseado;S 47 45;W 065 54
ramallo;S 33 29;W 059 60
rosario;S 33 00;W 060 36
sanlorenzo;S 32 42;W 060 44
sannicolasdelosa;S 33 21;W 060 11
villaconstitucion%20;S 33 14;W 060 18
zarate;S 34 05;W 059 01
barcadera;N 12 29;W 069 59
oranjestad;N 12 31;W 070 03
sannicolasaruba;N 12 26;W 069 55
adelaide;S 34 48;E 138 30
albanyau;S 35 02;E 117 54
barrowisland;S 20 45;E 115 29
beautypoint;S 41 09;E 146 49
bellbay;S 41 09;E 146 53
brisbane;S 27 22;E 153 10
broome;S 18 00;E 122 13
bunbury;S 33 19;E 115 39
burnie;S 41 03;E 145 55
cairns;S 16 56;E 145 47
cowesaus;S 38 27;E 145 14
cribpoint;S 38 22;E 145 13
dampier;S 20 38;E 116 44
darwin;S 12 31;E 130 52
eden;S 37 06;E 149 56
esperance;S 33 52;E 121 54
exmouth;S 21 57;E 114 08
fremantle;S 32 03;E 115 45
geelong;S 38 07;E 144 28
geraldton;S 28 46;E 114 36
gladstone;S 23 48;E 151 14
haypoint;S 21 16;E 149 18
hobart;S 42 53;E 147 20
karumba;S 17 29;E 140 50
mackayseaport;S 21 07;E 149 14
melbourne;S 37 50;E 144 56
mourilyan;S 17 36;E 146 07
newcastle;S 32 54;E 151 46
onslow;S 21 38;E 115 07
penneshaw;S 35 43;E 137 57
pinkenba;S 27 26;E 153 08
pointsamson;S 20 37;E 117 09
porthedland;S 20 19;E 118 35
portkembla;S 34 28;E 150 54
portpirie;S 33 10;E 138 01
rockingham;S 32 12;E 115 46
sydney;S 33 55;E 151 11
thursday%20island;S 10 35;E 142 14
townsville;S 19 15;E 146 50
wallaroo;S 33 56;E 137 37
weipa;S 12 40;E 141 52
whyalla;S 33 02;E 137 36
baku;N 40 22;E 049 54
adelaidebahamas;N 25 00;W 077 33
freeportbhs;N 26 32;W 078 46
lucaya;N 26 31;W 078 38
nassau;N 25 05;W 077 20
manamah;N 26 13;E 050 36
bridgetown;N 13 06;W 059 38
ANTWERPEN;N 51 18;E 004 18
brugge;N 51 15;E 003 13
brussels;N 50 52;E 004 21
GENT;N 51 07;E 003 45
liege;N 50 38;E 005 34
nieuwpoort;N 51 08;E 002 45
oostende;N 51 13;E 002 56
ZEEBRUGGE;N 51 20;E 003 12
belizecity;N 17 29;W 088 12
cotonou;N 06 21;E 002 26
alumar;S 02 41;W 044 22
Aratu;S 12 48;W 038 29
baraodeteffe;S 25 27;W 048 41
belem;S 01 21;W 048 27
cabedelo;S 06 58;W 034 51
fortaleza;S 03 43;W 038 30
gebig;S 23 03;W 044 14
guaibaisland;S 23 00;W 044 02
imbituba%20;S 28 14;W 048 39
itaguai;S 22 56;W 043 50
itajai;S 26 53;W 048 42
itapoa;S 26 11;W 048 36
itaqui;S 02 34;W 044 22
macae;S 22 23;W 041 46
maceio;S 09 41;W 035 45
mededeus;S 12 45;W 038 37
natal;S 05 46;W 035 12
navegantes;S 26 54;W 048 40
paranagua;S 25 30;W 048 28
pecem;S 03 32;W 038 48
portoalegre;S 30 01;W 051 17
portocel;S 19 51;W 040 03
portodetubarao;S 20 18;W 040 14
recife;S 08 03;W 034 52
riodejaneiro;S 22 54;W 043 10
riogrande;S 32 05;W 052 05
salvadordabahia;S 12 58;W 038 31
santana;S 00 04;W 051 08
santos;S 23 56;W 046 20
saofranciscodosul;S 26 13;W 048 38
saosebastiao;S 23 48;W 045 25
suape;S 08 24;W 034 58
tramandai;S 29 60;W 050 04
viladoconde;S 01 34;W 048 46
vitoria;S 20 19;W 040 19
burgas;N 42 28;E 027 30
sozopol;N 42 25;E 027 41
varna;N 43 12;E 027 54
sihanoukville;N 10 41;E 103 33
douala;N 04 02;E 009 41
limbe;N 04 01;E 009 12
limbohterminal;N 04 00;E 009 08
tiko;N 04 04;E 009 24
argentia;N 47 18;W 053 59
Blacks%20Harbour;N 45 03;W 066 48
canaport;N 45 12;W 065 59
comebychance;N 47 47;W 054 00
crofton;N 48 53;W 123 38
halifax;N 44 39;W 063 34
hamiltoncan;N 43 17;W 079 49
horseshoebay;N 49 23;W 123 16
longpond;N 47 31;W 052 59
milneinlet;N 71 53;W 080 52
montreal;N 45 26;W 073 46
mulgrave;N 45 36;W 061 23
nanaimo;N 49 11;W 123 56
newwestminster;N 49 10;W 122 59
northfraser;N 49 12;W 123 07
northsydney;N 46 13;W 060 14
pointenoireca;N 50 10;W 066 29
portalberni;N 49 13;W 124 49
portcartier;N 50 02;W 066 47
portcolborne;N 42 53;W 079 15
portedward;N 54 14;W 130 18
hawkesbury;N 45 35;W 061 21
portweller;N 43 14;W 079 13
princerupert;N 54 18;W 130 20
quebec;N 46 48;W 071 12
ridleyisland;N 54 14;W 130 20
stjohn;N 45 16;W 066 04
sarnia;N 42 59;W 082 25
saultstemarie;N 46 29;W 084 21
septiles;N 50 12;W 066 23
sorel;N 46 02;W 073 08
steveston;N 49 07;W 123 10
stjohnsca;N 47 34;W 052 42
sydneycanada;N 46 09;W 060 12
thunderbay;N 48 24;W 089 12
toronto;N 43 39;W 079 21
troisrivieres;N 46 20;W 072 32
vancouver;N 49 12;W 122 59
victoriacanada;N 48 26;W 123 25
mindelo;N 16 53;W 024 60
porto%20novo;N 17 01;W 025 04
antofagasta;S 23 39;W 070 24
arica;S 18 28;W 070 19
coquimbo;S 29 57;W 071 21
coronel;S 37 02;W 073 10
huasco;S 28 28;W 071 15
lirquen;S 36 43;W 072 59
mejillones;S 23 04;W 070 24
puertomontt;S 41 31;W 072 59
puntaarenas;S 53 09;W 070 53
quintero;S 32 45;W 071 30
sanantonio;S 33 35;W 071 37
sanvicente;S 36 44;W 073 08
talcahuano;S 36 43;W 073 05
tocopilla;S 22 06;W 070 13
valparaiso;S 33 02;W 071 37
anqing;N 30 30;E 117 04
aojiang;N 27 35;E 120 34
basuo;N 19 05;E 108 37
bayuquan;N 40 22;E 122 10
beigouzhen;N 37 47;E 120 38
beihai;N 21 27;E 109 05
bilixiang;N 26 27;E 119 42
bohaixiang;N 39 59;E 119 50
cangzhou;N 38 19;E 117 53
caobeidian;N 38 57;E 118 31
caofeidian;N 38 57;E 118 32
caojingzhen;N 30 46;E 121 27
changbaiisland;N 30 10;E 122 02
changshu;N 31 46;E 120 58
changzhou;N 31 58;E 120 02
chenghai;N 23 26;E 116 57
chengnei;N 20 16;E 110 13
chiwan;N 22 29;E 113 52
chongwu;N 24 53;E 118 56
dachanbay;N 22 32;E 113 52
dafeng;N 33 17;E 120 49
daishan;N 30 16;E 122 09
dalian;N 38 58;E 121 45
damendao;N 28 00;E 121 04
dandong;N 39 51;E 124 09
dasha;N 30 08;E 122 04
dayangshenisland;N 30 35;E 122 04
dongguan;N 23 01;E 113 42
donghaizhen;N 24 53;E 118 41
dongshandao;N 23 45;E 117 31
dongshi;N 24 40;E 118 27
dongtou;N 27 50;E 121 08
dongying;N 37 16;E 119 01
doumen;N 22 13;E 113 18
etouwan;N 21 51;E 112 55
fangchenggang;N 21 36;E 108 22
fengcheng;N 36 41;E 121 14
fengqiancun;N 25 10;E 118 59
foshan;N 22 59;E 113 05
fujianguanhai;N 26 09;E 119 36
fuqingsongxia;N 25 41;E 119 35
fuzhou;N 26 03;E 119 20
gaoming;N 22 53;E 112 53
gaoqiaozhen;N 40 49;E 121 03
guandongterminal;N 22 35;E 114 26
guangzhou;N 22 57;E 113 29
gulangyu;N 24 25;E 118 03
haian;N 20 16;E 110 13
haianrailferry;N 20 14;E 110 07
haikou;N 20 04;E 110 16
haimen;N 31 47;E 121 06
hanjiang;N 24 49;E 118 43
heshan;N 24 32;E 118 11
hongkong;N 22 21;E 114 08
hongxong;N 31 37;E 121 24
houlingcun;N 39 59;E 119 50
houshi;N 24 19;E 118 08
hrddchongmingislang;N 31 36;E 121 27
huadu;N 23 22;E 113 20
huanghaiyard;N 36 56;E 122 28
huanghua;N 38 19;E 117 53
huangpu;N 23 06;E 113 26
huizhou;N 22 43;E 114 35
hukou;N 23 11;E 116 39
huludao;N 40 43;E 120 59
jiahongkonglogistics;N 30 39;E 121 11
jiangmen;N 22 38;E 113 07
Jiangyin;N 31 57;E 120 15
jiaojiang;N 28 41;E 121 24
jiaxingpowerplant;N 30 38;E 121 09
jieyang;N 23 30;E 116 24
jinhu;N 24 25;E 118 26
jinshanweizhen;N 30 42;E 121 19
jitou;N 26 28;E 119 37
lanshan;N 35 04;E 119 25
lianyungang;N 34 45;E 119 25
ligangyard;N 30 04;E 121 50
longhai;N 24 26;E 117 50
longkou;N 37 39;E 120 17
longshanshipyard;N 29 47;E 122 06
longxueshipyard;N 22 41;E 113 39
longyan;N 37 25;E 122 38
luchaogangferry;N 30 50;E 121 49
luozhou;N 26 02;E 119 29
lvhuashan;N 30 49;E 122 38
macau;N 22 10;E 113 33
majishan;N 30 40;E 122 25
maoming;N 21 31;E 111 03
meizhou;N 25 04;E 119 07
nanbu;N 31 34;E 121 30
nanjing;N 32 09;E 118 51
nansha;N 22 38;E 113 40
nantong;N 31 55;E 120 52
ningbo;N 29 56;E 121 51
pingtan;N 25 31;E 119 47
punan;N 24 34;E 118 11
putian;N 25 13;E 118 59
Qianaobu;N 23 13;E 116 47
qiantangrivverdelta;N 29 29;E 121 35
qingdao;N 36 03;E 120 16
qinhuangdao;N 39 55;E 119 38
qinzhou;N 21 43;E 108 36
quanzhou;N 24 52;E 118 38
rizhao;N 35 22;E 119 33
ruian;N 27 44;E 120 40
sajiangriverdelta;N 26 51;E 119 41
sanshan;N 31 16;E 118 12
sanshui;N 23 09;E 112 52
shajiazhuang;N 37 50;E 120 44
shanghai;N 31 19;E 121 26
shantou;N 23 20;E 116 43
shanwei;N 22 46;E 115 21
shekou;N 22 28;E 113 54
shengsi;N 30 44;E 122 27
shenhuzhen;N 24 38;E 118 41
shenzhen;N 22 30;E 113 56
shidao;N 36 52;E 122 27
shijingzhen;N 24 38;E 118 26
shunde;N 22 47;E 113 18
suizhong;N 40 04;E 120 02
taicang;N 31 25;E 121 05
tangshan;N 39 13;E 119 02
tangshancao;N 39 05;E 118 31
taohua;N 29 49;E 122 16
tianjin;N 38 59;E 117 43
tianjinshipyard;N 38 48;E 121 08
weihai;N 37 28;E 122 12
weitou;N 24 31;E 118 34
weizhoudao;N 21 03;E 109 05
wenzhou;N 27 59;E 120 48
wuhan;N 30 35;E 114 19
xiamen;N 24 29;E 118 02
xiaolan;N 22 40;E 113 16
xiaoyangxiang;N 30 37;E 122 04
xinhui;N 22 26;E 113 02
xiushanisland;N 30 09;E 122 09
yangjiang;N 21 42;E 111 49
yangpu;N 19 44;E 109 10
yangzhou;N 32 17;E 119 33
yantai;N 37 34;E 121 23
yantian;N 22 34;E 114 16
yingkou;N 40 17;E 122 06
yiulianshekoudockyards;N 22 30;E 113 50
yongningzhen;N 24 40;E 118 41
yueqing;N 28 10;E 121 06
zhangjiagang;N 31 57;E 120 36
zhanjiang;N 21 13;E 110 25
zhaoqing;N 23 02;E 112 28
zhapu;N 30 35;E 121 05
zhenjiang;N 32 12;E 119 31
zhoushan;N 29 60;E 122 03
zhuhai;N 22 16;E 113 35
barranquilla;N 10 60;W 074 47
buenaventura;N 03 54;W 077 04
cartagena;N 10 21;W 075 31
covenas;N 09 28;W 075 44
Santa%20Marta;N 11 15;W 074 13
pointenoire;S 04 47;E 011 50
caldera;N 09 55;W 084 43
puertolimon;N 09 59;W 083 01
abidjan;N 05 18;W 004 02
kostrena;N 45 19;E 014 29
kraljevica;N 45 16;E 014 34
omisalj;N 45 13;E 014 32
plomin;N 45 08;E 014 11
rijeka;N 45 20;E 014 26
rogac;N 43 24;E 016 18
split;N 43 31;E 016 26
famagusta;N 35 08;E 033 57
larnacaoffshore;N 34 57;E 033 40
larnaka;N 34 55;E 033 39
limassol;N 34 39;E 033 01
aalborg;N 57 03;E 009 56
AARHUS;N 56 09;E 010 14
allinge;N 55 17;E 014 48
apenrade;N 55 03;E 009 26
aroskobing;N 54 54;E 010 25
assens;N 55 16;E 009 53
avedore;N 55 36;E 012 29
bagenkop;N 54 45;E 010 40
KOPENHAGEN;N 55 42;E 012 37
dragor;N 55 35;E 012 41
esbjerg;N 55 28;E 008 26
FREDERICIA;N 55 33;E 009 45
frederikshavn;N 57 26;E 010 33
frederiksvaerk;N 55 58;E 012 01
fynshav;N 54 60;E 009 59
gedser;N 54 34;E 011 56
gilleleje;N 56 08;E 012 19
grenaa;N 56 25;E 010 56
hanstholm;N 57 07;E 008 36
havneby;N 55 05;E 008 34
helsingor;N 56 02;E 012 37
hirtshals;N 57 36;E 009 58
horsens;N 55 51;E 009 52
hov;N 55 55;E 010 15
hvidesande;N 56 00;E 008 08
kalundborg;N 55 40;E 011 05
koge;N 55 28;E 012 12
kolbykas;N 55 48;E 010 32
kolding;N 55 30;E 009 30
korsoer;N 55 20;E 011 08
marstal;N 54 51;E 010 31
middelfart;N 55 30;E 009 44
nakskov;N 54 50;E 011 08
nexoebornholm;N 55 04;E 015 08
nyborg;N 55 18;E 010 48
oesterby;N 57 19;E 011 07
osthavnen;N 57 03;E 010 03
rodby;N 54 39;E 011 21
roenne;N 55 06;E 014 41
rudkoebing;N 54 56;E 010 43
skagen;N 57 43;E 010 35
snaptun;N 55 49;E 010 03
sobydk;N 54 57;E 010 15
sonderborg;N 54 55;E 009 47
spodsbjerg;N 54 56;E 010 50
stevnspier;N 55 19;E 012 27
strandby;N 57 30;E 010 30
svendborg;N 55 04;E 010 37
tejnbornholm;N 55 15;E 014 50
thisted;N 56 57;E 008 42
thorsminde;N 56 22;E 008 07
tyboroen;N 56 42;E 008 13
vejle;N 55 42;E 009 33
vigeroe;N 55 28;E 010 33
djibouti;N 11 36;E 043 07
roseau;N 15 18;W 061 23
barahona;N 18 12;W 071 05
caborojo;N 17 56;W 071 39
caucedo;N 18 26;W 069 38
haina;N 18 25;W 070 01
laromana;N 18 25;W 068 55
lascalderas;N 18 13;W 070 31
puertoplata;N 19 49;W 070 43
samana;N 19 12;W 069 20
sanpedromacoris;N 18 27;W 069 19
santodomingo;N 18 29;W 069 53
esmeraldas;N 00 59;W 079 39
guayaquil;S 02 16;W 079 56
lalibertad;S 02 11;W 080 53
manta;S 00 56;W 080 43
monteverde;S 02 04;W 080 45
posorja;S 02 42;W 080 15
puertobolivar;S 03 16;W 080 00
abuqir;N 31 19;E 030 05
adabiya;N 29 53;E 032 28
ainsukhna%20;N 29 39;E 032 21
alexandria;N 31 09;E 029 51
damietta;N 31 28;E 031 46
nuwaiba;N 28 58;E 034 40
portsaid;N 31 14;E 032 20
sidikerir;N 31 07;E 029 35
suez;N 29 57;E 032 33
bata;N 01 50;E 009 44
luba;N 03 29;E 008 33
malabo;N 03 46;E 008 47
puntaeuropa;N 03 46;E 008 43
kuivastu;N 58 34;E 023 24
kunda;N 59 31;E 026 33
miiduranna;N 59 30;E 024 49
MUUGA;N 59 30;E 024 58
oti;N 59 34;E 024 48
paldiski;N 59 21;E 024 04
paernu;N 58 23;E 024 29
rohukula%20;N 58 54;E 023 25
roomassaare;N 58 13;E 022 30
sillamae;N 59 25;E 027 44
TALLINN;N 59 27;E 024 42
virtsu;N 58 35;E 023 30
suva;S 18 08;E 178 26
eckero;N 60 14;E 019 32
ekenas;N 59 59;E 023 26
hamina;N 60 33;E 027 10
hanko;N 59 49;E 022 57
HELSINKI;N 60 08;E 024 57
inkoo;N 60 01;E 023 55
joensuu;N 62 35;E 029 45
joutseno;N 61 08;E 028 27
kantvik;N 60 05;E 024 22
kaskinen;N 62 22;E 021 13
kemi;N 65 42;E 024 36
kokkola;N 63 51;E 023 03
kotka;N 60 28;E 026 56
kuopio;N 62 52;E 027 41
lappeenranta;N 61 04;E 028 12
loviisa;N 60 26;E 026 15
maentyluoto;N 61 36;E 021 29
mariehamn;N 60 06;E 019 56
naantali;N 60 27;E 022 03
oulu;N 65 01;E 025 27
pietarsaarijakobstad;N 63 42;E 022 42
porvoo;N 60 20;E 025 35
raahe;N 64 40;E 024 25
rahja;N 64 13;E 023 42
rauma;N 61 07;E 021 27
savonlinna;N 61 53;E 028 53
siilinjarvi;N 63 05;E 027 43
tahkoluoto;N 61 38;E 021 24
tornio;N 65 46;E 024 10
turku;N 60 27;E 022 10
uusikaupunki;N 60 48;E 021 22
vaasa;N 63 05;E 021 36
varkaus;N 62 19;E 027 54
vuoksenterminal;N 61 14;E 028 49
antibes;N 43 35;E 007 08
antifer;N 49 40;E 000 08
caenouistreham;N 49 14;W 000 17
calais;N 50 58;E 001 52
cannes;N 43 33;E 007 02
cherbourg;N 49 39;W 001 37
concarneau;N 47 52;W 003 55
cordemais;N 47 17;W 001 53
dunkirk;N 51 02;E 002 16
fessenheim;N 47 54;E 007 34
FOSSURMER;N 43 25;E 004 53
golfejuan;N 43 34;E 007 05
honfleur;N 49 26;E 000 13
laciotat;N 43 10;E 005 37
larochelle;N 46 09;W 001 14
laseynesurmer;N 43 06;E 005 54
LEHAVRE;N 49 27;E 000 19
marseille;N 43 20;E 005 20
nantes;N 47 12;W 001 37
noirmoutier;N 47 02;W 002 18
paris;N 48 57;E 002 17
PORTDEBOUC;N 43 24;E 005 00
portlanouvelle;N 43 01;E 003 03
rouen;N 49 24;E 001 03
saintmalo;N 48 39;W 002 01
saintmandrier;N 43 05;E 005 55
saintnazaire;N 47 12;W 002 15
SETE;N 43 24;E 003 43
stbarth;N 17 54;W 062 52
caplopezoilterm;S 00 38;E 008 43
portgentil;S 00 44;E 008 48
portgentiloil;S 00 41;E 008 47
Batumi;N 41 39;E 041 39
poti;N 42 09;E 041 39
ahlbeck;N 53 57;E 014 12
amrum;N 54 38;E 008 23
aschaffenburg;N 49 59;E 009 05
bamberg;N 49 55;E 010 52
bensersiel;N 53 41;E 007 34
bonn;N 50 45;E 007 06
borkum;N 53 34;E 006 45
BRAKE;N 53 21;E 008 29
breiholz;N 54 13;E 009 34
breisachamrhein;N 48 01;E 007 35
BREMEN;N 53 05;E 008 47
bremenfarge;N 53 12;E 008 31
bremerhaven;N 53 33;E 008 34
BRUNSBUETTEL;N 53 54;E 009 10
buesum;N 54 07;E 008 52
BUETZFLETH;N 53 39;E 009 31
burgstaaken;N 54 25;E 011 11
calvoerde;N 52 24;E 011 17
castroprauxel;N 51 35;E 007 17
CUXHAVEN;N 53 52;E 008 52
dagebuell;N 54 44;E 008 42
deggendorf;N 48 49;E 012 57
ditzum;N 53 19;E 007 17
dormagen;N 51 05;E 006 51
dorsten;N 51 40;E 006 59
dorumersiel;N 53 41;E 007 29
dorumneufeld;N 53 44;E 008 31
duesseldorf;N 51 14;E 006 45
DUISBURG;N 51 25;E 006 45
eckernfoerde;N 54 28;E 009 51
emden;N 53 21;E 007 11
emmerich;N 51 50;E 006 15
erlangen;N 49 35;E 010 59
fassmerwerft;N 53 11;E 008 33
ferryfischerhuettes;N 54 09;E 009 22
flensburg;N 54 48;E 009 27
frankfurtammain;N 50 07;E 008 44
friedrichskoog;N 54 00;E 008 53
geesthacht;N 53 26;E 010 21
GLUECKSTADT;N 53 47;E 009 25
groemitz;N 54 08;E 010 57
gruenendeich;N 53 35;E 009 36
haldensleben;N 52 17;E 011 24
HAMBURG;N 53 31;E 009 56
hanau;N 50 07;E 008 55
harlesiel;N 53 42;E 007 49
heiligenhafen;N 54 22;E 010 60
HELGOLAND;N 54 11;E 007 54
hochdonn;N 54 01;E 009 18
hoernum;N 54 46;E 008 18
husum;N 54 28;E 009 02
juist;N 53 40;E 006 60
kappeln;N 54 39;E 009 56
karlsruhe;N 49 01;E 008 19
kelheim;N 48 55;E 011 55
KIEL;N 54 22;E 010 11
koeln;N 50 56;E 006 58
koenigswinter;N 50 41;E 007 11
kuehlungsborn;N 54 09;E 011 46
langeoog;N 53 44;E 007 30
lauenburg;N 53 22;E 010 34
leer;N 53 13;E 007 27
leverkusen;N 51 01;E 006 58
listsylt;N 55 01;E 008 26
lubmin;N 54 09;E 013 40
ludwigshafen;N 49 30;E 008 26
LUEBECK;N 53 53;E 010 45
lueneburg;N 53 14;E 010 29
maasholm;N 54 41;E 009 59
magdeburg;N 52 10;E 011 40
mainz;N 50 01;E 008 15
mannheim;N 49 29;E 008 29
marl;N 51 41;E 007 05
moelln;N 53 38;E 010 41
moormerland;N 53 20;E 007 20
muelheimanderruhr;N 51 26;E 006 51
MUKRAN;N 54 29;E 013 36
neuharlingersiel;N 53 42;E 007 42
neuss;N 51 13;E 006 42
NEUSTADT;N 54 06;E 010 48
niehl;N 50 59;E 006 59
norddeich;N 53 37;E 007 10
nordenham;N 53 30;E 008 31
norderney;N 53 42;E 007 10
nordstrand;N 54 30;E 008 48
nuernberg;N 49 25;E 011 02
ottmarsheim;N 47 48;E 007 32
papenburg;N 53 06;E 007 22
passau;N 48 35;E 013 26
peenemuende;N 54 08;E 013 46
pilotruester;N 54 15;E 009 37
puttgarden;N 54 30;E 011 14
regensburg;N 49 01;E 012 08
rendsburg;N 54 18;E 009 42
riesa;N 51 19;E 013 17
ROSTOCK;N 54 08;E 012 07
roth;N 49 14;E 011 09
SASSNITZ;N 54 31;E 013 38
schluettsiel;N 54 41;E 008 45
speyer;N 49 19;E 008 27
spiekeroog;N 53 46;E 007 42
spyck;N 51 50;E 006 10
stadersand;N 53 38;E 009 31
STRALSUND;N 54 18;E 013 06
straubing;N 48 54;E 012 40
tangermuende;N 52 33;E 011 59
TRAVEMUENDE;N 53 57;E 010 52
uerdingen;N 51 21;E 006 40
vierow;N 54 08;E 013 34
wangerooge;N 53 47;E 007 52
WEDEL;N 53 34;E 009 42
weilamrhein;N 47 36;E 007 35
wesel;N 51 39;E 006 36
westdorf;N 53 43;E 007 22
westerdeich;N 53 41;E 007 22
wewelsfleth;N 53 50;E 009 24
wieck;N 54 06;E 013 27
WILHELMSHAVEN;N 53 35;E 008 06
WISCHHAFEN;N 53 46;E 009 20
WISMAR;N 53 54;E 011 27
wittenberge;N 52 59;E 011 45
woerthamrhein;N 49 04;E 008 18
WOLGAST;N 54 03;E 013 47
worms;N 49 39;E 008 22
wuerzburg;N 49 48;E 009 54
wykfoehr;N 54 41;E 008 34
takoradi;N 04 55;W 001 43
tema;N 05 38;E 000 01
agioitheodoroi%20;N 37 55;E 023 05
ampelakia;N 37 57;E 023 33
andirrion;N 38 20;E 021 46
chalkis;N 38 26;E 023 36
corfu;N 39 38;E 019 55
drepanoriou;N 38 20;E 021 51
elevsis;N 38 02;E 023 33
ermoupoli;N 37 26;E 024 57
gavrion;N 37 53;E 024 44
glyfada;N 37 53;E 023 44
heraklion;N 35 21;E 025 09
kalamaki;N 37 55;E 023 42
kalilimenes;N 34 56;E 024 48
kimolos;N 36 47;E 024 35
kos;N 36 54;E 027 17
lavrio;N 37 43;E 024 04
mykonos;N 37 27;E 025 20
mytilene;N 39 06;E 026 33
naxos;N 37 06;E 025 22
patras;N 38 14;E 021 44
patrasrio;N 38 19;E 021 47
PERAMA;N 37 57;E 023 35
PIRAEUS;N 37 56;E 023 39
prinosthassou;N 40 46;E 024 35
rhodos;N 36 27;E 028 14
thessaloniki;N 40 36;E 022 55
thira;N 36 24;E 025 26
tinos;N 37 32;E 025 10
saintgeorges;N 12 03;W 061 45
barrios;N 15 44;W 088 36
puertoquetzal%20;N 13 55;W 090 48
santotomas;N 15 42;W 088 37
conakry;N 09 31;W 013 43
portkamsar;N 10 39;W 014 38
georgetown;N 06 47;W 058 11
caphaitien;N 19 45;W 072 11
labadee;N 19 47;W 072 15
portauprince;N 18 33;W 072 22
puertocortes;N 15 50;W 087 57
budapest;N 47 31;E 019 03
akranes;N 64 19;W 022 05
akureyri;N 65 41;W 018 05
dalvik;N 65 58;W 018 32
eskifjordur;N 65 04;W 014 01
flateyri;N 66 03;W 023 31
grindavik;N 63 50;W 022 25
grundarfjoerour;N 64 55;W 023 15
husavik;N 66 03;W 017 21
keflavik;N 64 00;W 022 33
olafsvik;N 64 54;W 023 42
patreksfjordur;N 65 36;W 024 00
porlakshoefn;N 63 52;W 021 22
reydartfjordur;N 65 02;W 014 13
reykjavik;N 64 09;W 021 53
rificeland;N 64 55;W 023 49
sandgerdi;N 64 02;W 022 43
siglufjordur;N 66 09;W 018 55
stykkisholmur;N 65 05;W 022 43
suoureyri;N 66 08;W 023 31
talknafjordur;N 65 38;W 023 49
alang;N 21 23;E 072 13
budgebudge;N 22 29;E 088 11
chennai;N 13 06;E 080 18
cochin;N 09 58;E 076 16
dhamra;N 20 49;E 086 58
ennore;N 13 16;E 080 21
gangavaram;N 17 37;E 083 14
haldia;N 22 02;E 088 05
hazira;N 21 08;E 072 40
kakinada;N 16 58;E 082 16
kandla;N 23 01;E 070 13
karwarport;N 14 48;E 074 07
kattupalli;N 13 18;E 080 21
kolkata;N 22 35;E 088 19
krishnapatnam;N 14 15;E 080 08
mangalore;N 12 56;E 074 49
mormugao;N 15 25;E 073 48
mumbai;N 18 56;E 072 51
mundra;N 22 45;E 069 39
nhavasheva;N 18 57;E 072 57
panaji;N 15 30;E 073 50
paradip;N 20 16;E 086 40
pipavav;N 20 55;E 071 30
pirpau;N 18 59;E 072 54
sanghi;N 23 23;E 068 34
tuticorin;N 08 45;E 078 13
visakhapatnam;N 17 42;E 083 17
amamapare;S 04 50;E 136 51
ambon;S 03 40;E 128 12
anyer;S 06 02;E 105 56
bakauheni;S 05 52;E 105 45
balikpapan;S 01 12;E 116 47
balongan;S 06 20;E 108 26
banjarmasin;S 03 19;E 114 33
bantam;N 01 04;E 103 56
batuampar;N 01 10;E 103 60
baubau;S 05 27;E 122 37
belawan;N 03 47;E 098 40
bengkulu;S 03 55;E 102 18
bitung;N 01 27;E 125 13
bojonegara;S 05 59;E 106 07
bontang;N 00 11;E 117 30
bontangbadak;N 00 05;E 117 29
cigading;S 06 01;E 105 57
cilacap;S 07 43;E 109 00
cirebon;S 06 43;E 108 35
denpasar;S 08 45;E 115 13
dumai;N 01 43;E 101 26
gilimanuk;S 08 10;E 114 26
gresik;S 07 10;E 112 40
jakarta;S 06 06;E 106 54
kendari;S 03 59;E 122 35
ketapang;S 08 08;E 114 24
kotabaru;S 03 15;E 116 12
kualatanjung;N 03 23;E 099 28
kumai;S 02 42;E 111 46
kupang;S 10 12;E 123 31
labuhan;S 06 24;E 105 49
lembar;S 08 44;E 116 04
lhoknga;N 05 27;E 095 15
lhokseumawe;N 05 14;E 097 05
makassar;S 05 08;E 119 25
manggis;S 08 31;E 115 31
manokwari;S 00 52;E 134 04
mataram;S 08 35;E 116 04
merak;S 05 56;E 106 03
pacitan;S 08 16;E 111 22
padang;S 01 00;E 100 22
palembang;S 02 59;E 104 49
palu;S 00 46;E 119 49
pangkalpinang;S 02 06;E 106 08
pantoloan;S 00 43;E 119 51
pontianak;N 00 01;E 109 20
probolinggo;S 07 43;E 113 13
samarinda;S 00 33;E 117 10
sampit;S 02 40;E 113 01
saumlaki;S 07 59;E 131 18
semarang;S 06 57;E 110 26
siammaspion;S 07 07;E 112 38
situbondooffshorelng;S 07 37;E 113 59
surabaya;S 07 12;E 112 44
tanjungbara;N 00 32;E 117 39
tanjungmerangas;N 00 02;E 117 32
tanjungpandan;S 02 45;E 107 39
tanjungpemancingan;S 03 13;E 116 17
tarakan;N 03 19;E 117 34
tarjun;S 03 17;E 116 07
tegal;S 06 51;E 109 08
telukkabung;S 01 02;E 100 24
tual;S 05 37;E 132 45
bandarabbas;N 27 06;E 056 05
larakisland;N 26 53;E 056 33
lavanisland;N 26 48;E 053 17
sirriisland;N 25 55;E 054 34
basraoilterminal;N 29 40;E 048 50
khoralamayaoilterm;N 29 47;E 048 48
khor%20al%20zubair;N 30 10;E 047 53
ummqasr;N 30 02;E 047 58
cobh;N 51 51;W 008 19
cork;N 51 51;W 008 17
dublin;N 53 21;W 006 12
killybegs;N 54 38;W 008 26
kilroot;N 54 43;W 005 45
rosslare;N 52 15;W 006 20
waterford;N 52 16;W 007 04
ramsey;N 54 19;W 004 22
ashdod;N 31 50;E 034 39
ashkelon;N 31 38;E 034 30
eilat;N 29 32;E 034 56
hadera;N 32 28;E 034 53
haifa;N 32 49;E 035 01
ancona;N 43 37;E 013 30
augusta;N 37 13;E 015 12
bari;N 41 08;E 016 51
brindisi;N 40 39;E 017 58
cagliari;N 39 13;E 009 06
carloforte;N 39 09;E 008 19
carrara;N 44 02;E 010 02
casamicciolaterme%20;N 40 45;E 013 55
catania;N 37 30;E 015 06
chioggia;N 45 13;E 012 17
civitavecchia;N 42 07;E 011 46
formia;N 41 15;E 013 37
gaeta;N 41 13;E 013 34
gela;N 37 01;E 014 14
GENOVA;N 44 24;E 008 51
gioiatauro;N 38 27;E 015 54
LASPEZIA;N 44 05;E 009 51
livorno;N 43 33;E 010 19
marinagrande;N 40 33;E 014 15
messina;N 38 12;E 015 34
monfalcone;N 45 47;E 013 33
naples;N 40 50;E 014 16
neapel;N 40 50;E 014 16
ortona;N 42 21;E 014 25
palermo;N 38 08;E 013 22
pantelleria;N 36 50;E 011 56
pescara;N 42 28;E 014 14
portoempedocle;N 37 17;E 013 32
Porto%20Nogaro;N 45 47;E 013 14
portotorres;N 40 51;E 008 23
portovesme;N 39 12;E 008 24
procida;N 40 46;E 014 02
ravenna;N 44 28;E 012 15
reggiocalabria;N 38 07;E 015 39
salerno;N 40 40;E 014 45
santantioco;N 39 03;E 008 28
sarroch;N 39 05;E 009 02
savona;N 44 19;E 008 30
siracusa;N 37 07;E 015 15
sorrento;N 40 38;E 014 23
taranto;N 40 28;E 017 12
termoli;N 42 00;E 015 00
trapani;N 38 01;E 012 31
trieste;N 45 38;E 013 47
vadoligure;N 44 16;E 008 27
venedig;N 45 25;E 012 15
viareggio;N 43 51;E 010 15
villasangiovanni;N 38 13;E 015 38
kingstonjamaica;N 17 58;W 076 48
port%20esquivel;N 17 53;W 077 08
rocky%20point;N 17 49;W 077 09
aji;N 34 23;E 134 07
akadomari;N 37 52;E 138 25
akita;N 39 46;E 140 03
akitafunagawa;N 39 52;E 139 51
aomori;N 40 50;E 140 44
beppu;N 33 18;E 131 30
chibaport;N 35 35;E 140 06
fukuyama;N 34 27;E 133 25
fushikitoyama;N 36 46;E 137 09
futtsu;N 35 32;E 140 28
gushikawa;N 26 20;E 127 51
hachinohe;N 40 33;E 141 32
hakata;N 33 37;E 130 23
hakodate;N 41 48;E 140 41
higashiharima;N 34 43;E 134 49
himeji;N 34 46;E 134 39
hiroshima;N 34 21;E 132 26
hitachi;N 36 30;E 140 37
hitachinaka;N 36 25;E 140 38
hososhima;N 32 26;E 131 39
ichihara;N 35 31;E 140 03
imabari;N 34 04;E 133 01
imabariship;N 34 07;E 132 58
ishikari;N 43 12;E 141 18
ishinomaki;N 38 25;E 141 18
iwakuni;N 34 12;E 132 15
kagoshima;N 31 32;E 130 32
kanazawa;N 36 37;E 136 36
kashima;N 35 55;E 140 41
kiire;N 31 23;E 130 33
kikuma;N 34 03;E 132 51
kinuura;N 34 52;E 136 58
kisarazu;N 35 21;E 139 52
kobe;N 34 41;E 135 13
kochi;N 33 32;E 133 34
kudamatsu;N 33 59;E 131 51
kure;N 34 14;E 132 33
kurihama;N 35 13;E 139 43
kushiro;N 42 59;E 144 21
marugame;N 34 18;E 133 47
matsuura;N 33 21;E 129 42
matsuyama;N 33 50;E 132 42
miikefukuoka;N 33 01;E 130 25
minamata;N 32 12;E 130 23
mishima-kawanoe;N 34 00;E 133 33
miura;N 35 08;E 139 37
miyazaki;N 31 55;E 131 28
mizushima;N 34 30;E 133 43
moji;N 33 56;E 130 59
muroran;N 42 21;E 140 58
nagashima;N 32 11;E 130 06
nagasukumamoto;N 32 55;E 130 28
nagoya;N 35 02;E 136 50
naha;N 26 14;E 127 40
nakanoseki;N 34 01;E 131 33
namikata;N 34 07;E 132 54
nanao;N 37 04;E 136 59
naoetsu;N 37 12;E 138 16
nemuro;N 43 20;E 145 35
niigatanishi;N 37 58;E 139 08
niihama;N 33 58;E 133 18
numazu;N 35 05;E 138 51
nyugawa;N 33 56;E 133 07
oarai;N 36 18;E 140 35
ogasawara;N 27 06;E 142 12
oita;N 33 16;E 131 40
omaezaki;N 34 37;E 138 13
omashimokita;N 41 32;E 140 54
reihoku;N 32 29;E 130 02
ryotsu;N 38 06;E 138 27
saganoseki;N 33 15;E 131 52
saijo;N 33 57;E 133 11
sakaide;N 34 21;E 133 51
sakaiminato;N 35 31;E 133 14
sendai;N 38 17;E 141 01
shibushi;N 31 27;E 131 06
shimizu;N 35 01;E 138 31
shimoda;N 34 40;E 138 57
shimonoseki;N 33 58;E 130 57
shiogama;N 38 19;E 141 03
soma;N 37 51;E 140 58
susaki;N 33 24;E 133 18
tadotsu;N 34 17;E 133 44
tagonoura;N 35 09;E 138 42
takamatsu;N 34 22;E 134 03
takuma;N 34 14;E 133 40
tamano;N 34 28;E 133 57
tokyo;N 35 37;E 139 55
tomakomai;N 42 39;E 141 39
tomakomaipower;N 42 36;E 141 48
toyohashi;N 34 43;E 137 19
jpube;N 33 57;E 131 13
usuki;N 33 07;E 131 49
wadomari;N 27 24;E 128 40
wakayama;N 34 12;E 135 09
wakkanai;N 45 24;E 141 41
yaizu;N 34 52;E 138 20
yanai;N 33 56;E 132 07
yatsushiro;N 32 32;E 130 33
yawatahama;N 33 27;E 132 24
yokkaichi;N 34 58;E 136 40
yokohama;N 35 27;E 139 42
yokosuka;N 35 18;E 139 39
aqaba;N 29 27;E 034 58
bautino;N 44 34;E 050 15
mombasa;S 04 04;E 039 39
minaalahmadi;N 29 07;E 048 09
shuaiba;N 29 02;E 048 10
shuwaikh;N 29 21;E 047 56
liepaja;N 56 32;E 021 01
mersrags;N 57 20;E 023 08
pavilosta;N 56 53;E 021 11
RIGA;N 56 59;E 024 08
roja;N 57 30;E 022 48
salacgriva;N 57 45;E 024 22
skulte;N 57 19;E 024 24
ventspils;N 57 24;E 021 34
beirut;N 33 55;E 035 32
tripoli;N 34 28;E 035 50
buchanan;N 05 52;W 010 03
monrovia;N 06 21;W 010 48
azzawiyahl;N 32 48;E 012 41
benghazi;N 32 06;E 020 03
marsaelbrega;N 30 25;E 019 35
mellitah;N 32 52;E 012 14
misrata;N 32 21;E 015 14
raslanuf;N 30 30;E 018 35
tobruq;N 32 04;E 023 59
tripolis;N 32 55;E 013 12
zuara;N 32 55;E 012 07
KLAIPEDA;N 55 41;E 021 08
toamasina;S 18 09;E 049 26
kualabaram;N 04 34;E 114 01
kuantan;N 03 59;E 103 25
kunak;N 04 42;E 118 15
labuan;N 05 16;E 115 14
lahaddatu;N 05 01;E 118 21
lankawi;N 06 26;E 099 46
lumutmalaysia;N 04 15;E 100 40
malakka;N 02 14;E 102 08
manjung;N 04 09;E 100 38
miri;N 04 26;E 113 60
pasirgudang;N 01 27;E 103 54
penang;N 05 24;E 100 22
portdickson;N 02 32;E 101 47
portklang;N 02 59;E 101 20
tanjungberhala;N 04 15;E 103 28
tanjungpelepas;N 01 22;E 103 33
tawau;N 04 15;E 117 53
male;N 04 11;E 073 30
cirkewwa;N 35 59;E 014 20
marsaxlokk;N 35 49;E 014 32
mgarr;N 36 02;E 014 18
valletta;N 35 54;E 014 31
nouakchott%20;N 17 59;W 016 02
portlouis;S 20 09;E 057 30
acapulco;N 16 51;W 099 54
altamira;N 22 29;W 097 53
campeche;N 19 50;W 090 34
cayoarcas;N 18 50;W 091 44
ciudaddelcarmen;N 18 39;W 091 51
coatzacoalcos;N 18 08;W 094 24
cozumel%20;N 20 30;W 086 58
ensenada;N 31 51;W 116 38
guaymas;N 27 55;W 110 53
lapaz;N 24 09;W 110 20
lazarocardenas;N 17 57;W 102 10
manzanillo;N 19 04;W 104 18
morroredondo;N 28 03;W 115 11
pichilingue;N 24 16;W 110 20
progreso;N 21 19;W 089 40
salinacruz;N 16 10;W 095 12
santarosalia;N 27 20;W 112 16
tampico;N 22 14;W 097 52
topolobampo;N 25 36;W 109 03
tuxpan;N 20 59;W 097 22
veracruz;N 19 12;W 096 08
montecarlo;N 43 44;E 007 25
agadir;N 30 25;W 009 38
casablanca;N 33 36;W 007 36
eljadida;N 33 15;W 008 30
jorflasfar;N 33 08;W 008 38
laayoune;N 27 06;W 013 26
mohammedia;N 33 43;W 007 24
tanger;N 35 47;W 005 48
tangermed;N 35 54;W 005 30
beira;S 19 49;E 034 50
maputo;S 25 58;E 032 32
nacala;S 14 33;E 040 40
LUEDERITZ;S 26 37;E 015 08
walvisbay;S 22 58;E 014 29
AMSTERDAM;N 52 25;E 004 50
arnheim;N 51 58;E 005 55
breskens;N 51 24;E 003 34
cuijk;N 51 45;E 005 51
delfzijl;N 53 20;E 006 57
denhelder;N 52 57;E 004 47
denoever;N 52 56;E 005 02
dordrecht;N 51 47;E 004 40
EEMSHAVEN;N 53 27;E 006 50
enkhuizen;N 52 42;E 005 17
foxhol;N 53 10;E 006 43
geertruidenberg;N 51 42;E 004 51
giessendam;N 51 49;E 004 52
gorinchem;N 51 50;E 004 58
haarlem;N 52 23;E 004 39
HANSWEERT;N 51 27;E 004 01
HARLINGEN;N 53 11;E 005 25
heijen;N 51 41;E 005 58
hengelo;N 52 15;E 006 47
IJMUIDEN;N 52 28;E 004 37
kornwerderzand;N 53 04;E 005 20
lauwersoog;N 53 24;E 006 12
lelystad;N 52 32;E 005 26
maashees;N 51 34;E 006 02
marken;N 52 27;E 005 06
moerdijk;N 51 41;E 004 35
monnickendam;N 52 28;E 005 03
muiden;N 52 20;E 005 04
nieuwegein;N 52 01;E 005 07
nijmegen;N 51 51;E 005 50
oostmahorn;N 53 23;E 006 10
oudeschild;N 53 03;E 004 51
rotterdam;N 51 53;E 004 23
schiermonnikoog;N 53 28;E 006 12
sliedrecht;N 51 49;E 004 46
stavoren;N 52 53;E 005 22
stellendam;N 51 49;E 004 02
TERNEUZEN;N 51 18;E 003 48
terschellingwest;N 53 22;E 005 13
tolkamer;N 51 51;E 006 06
tuindorp;N 51 51;E 006 05
urk;N 52 40;E 005 36
utrecht;N 52 05;E 005 05
VLISSINGEN;N 51 27;E 003 39
volendam;N 52 29;E 005 04
wanssum;N 51 32;E 006 05
wemeldinge;N 51 31;E 004 00
werkendam;N 51 49;E 004 53
zwijndrecht;N 51 49;E 004 38
bullenbay;N 12 11;W 069 01
curacao;N 12 06;W 068 54
goto;N 12 13;W 068 23
sintmaarten;N 18 02;W 063 06
willemstad;N 12 07;W 068 56
auckland;S 36 50;E 174 46
lyttelton%20;S 43 36;E 172 43
napier;S 39 28;E 176 55
newplymouth;S 39 03;E 174 02
portchalmers;S 45 49;E 170 38
portnelson;S 41 16;E 173 16
tauranga;S 37 39;E 176 10
timaru;S 44 23;E 171 16
wellington;S 41 17;E 174 47
bonny;N 04 25;E 007 09
calabar;N 05 01;E 008 19
lagos;N 06 27;E 003 21
onne;N 04 41;E 007 10
portharcourt;N 04 47;E 006 60
tincanlagos;N 06 26;E 003 21
warri;N 05 31;E 005 44
aaheim;N 62 03;E 005 31
aalesund;N 62 28;E 006 08
andenes;N 69 20;E 016 08
ardalstangen;N 61 14;E 007 42
arsvagen;N 59 10;E 005 27
askoy;N 60 24;E 005 13
bergen;N 60 23;E 005 14
berlevaag;N 70 52;E 029 06
bodoe;N 67 17;E 014 23
borgundvag;N 62 09;E 005 18
brevik;N 59 04;E 009 42
egersund;N 58 27;E 005 60
fedje;N 60 47;E 004 43
floro;N 61 36;E 005 02
halden;N 59 07;E 011 24
hammerfall;N 67 24;E 015 32
hammerfest;N 70 39;E 023 39
hanoytangen;N 60 26;E 005 06
haugesund;N 59 24;E 005 16
holmestrand;N 59 29;E 010 19
hommelvik;N 63 25;E 010 47
horten;N 59 25;E 010 29
hovland;N 58 27;E 005 59
hoyanger;N 61 13;E 006 04
husoy;N 59 20;E 005 18
karsto;N 59 16;E 005 30
kaupanger;N 61 11;E 007 15
kirkenes;N 69 43;E 030 03
kopervik;N 59 17;E 005 18
kragero;N 58 52;E 009 25
kristiansand;N 58 06;E 007 59
kristiansund;N 63 07;E 007 45
larvik;N 59 03;E 010 02
moirana;N 66 19;E 014 07
mongstad;N 60 48;E 005 02
mosjoen;N 65 51;E 013 11
Moss;N 59 26;E 010 40
narvik;N 68 25;E 017 24
oslo;N 59 53;E 010 45
porsgrunn;N 59 07;E 009 38
rafnes;N 59 06;E 009 35
roervik;N 64 52;E 011 15
sandefjord;N 59 07;E 010 14
sandnes;N 58 52;E 005 45
sandnessjoen;N 66 01;E 012 38
sarpsborg;N 59 16;E 011 04
skien;N 59 07;E 009 34
slagen;N 59 19;E 010 31
slovag;N 60 51;E 005 04
stavanger;N 58 60;E 005 41
stavern;N 58 60;E 010 03
straumen;N 67 21;E 015 35
sture;N 60 37;E 004 52
tananger;N 58 55;E 005 35
tofte;N 59 33;E 010 34
tonsberg;N 59 16;E 010 24
torangsvag;N 60 07;E 005 10
tromso;N 69 39;E 018 58
tromsobreivika;N 69 41;E 018 59
trondheim;N 63 26;E 010 23
vindenes;N 60 25;E 005 00
vormedal;N 59 21;E 005 19
minaalfahal;N 23 39;E 058 31
muscat;N 23 38;E 058 34
salalah;N 16 57;E 054 01
sohar;N 24 30;E 056 38
gadanibeach;N 25 02;E 066 42
karachi;N 24 50;E 066 59
qasim;N 24 47;E 067 20
bahialasminas;N 09 23;W 079 49
panamaport;N 08 59;W 079 35
colon;N 09 21;W 079 55
manzanillopanama;N 09 22;W 079 53
portmoresby;S 09 27;E 147 07
callao;S 12 03;W 077 09
ilo;S 17 39;W 071 21
lapampilla;S 11 57;W 077 08
matarani;S 16 60;W 072 06
bataan;N 14 29;E 120 37
calaca;N 13 55;E 120 49
cebu;N 10 18;E 123 55
davao;N 07 12;E 125 41
hanjinsubic;N 14 49;E 120 13
keppelsubic;N 14 53;E 120 13
limayterminals;N 14 31;E 120 37
manila;N 14 36;E 120 58
subicbay;N 14 49;E 120 17
darlowo;N 54 26;E 016 23
GDANSK;N 54 23;E 018 42
GDYNIA;N 54 32;E 018 32
hel;N 54 36;E 018 48
police;N 53 34;E 014 35
swinoujscie;N 53 54;E 014 16
SZCZECIN;N 53 26;E 014 35
wladyslawowo;N 54 48;E 018 25
aveiro;N 40 39;W 008 42
cascais;N 38 42;W 009 25
faro;N 37 00;W 007 55
figueiradafoz%20;N 40 09;W 008 51
funchal;N 32 39;W 016 55
horta;N 38 32;W 028 37
lagosportu;N 37 06;W 008 40
leixoes;N 41 11;W 008 42
LISSABON;N 38 43;W 009 08
pontadelgada;N 37 44;W 025 40
portimao;N 37 07;W 008 32
sao%20roque%20do%20pico;N 38 32;W 028 19
SETUBAL;N 38 29;W 008 51
sines;N 37 56;W 008 51
Viladaslajes;N 39 23;W 031 10
guayanilla;N 17 59;W 066 46
sanjuanpr;N 18 27;W 066 06
alshaheen;N 26 34;E 051 59
doha;N 25 18;E 051 33
raslaffan;N 25 55;E 051 36
ummsaid;N 24 56;E 051 35
leportreunion;S 20 56;E 055 18
portreunioneast;S 20 56;E 055 19
capumidia;N 44 20;E 028 40
constanta;N 44 09;E 028 40
mangalia;N 43 48;E 028 34
tulcea;N 45 11;E 028 48
azov;N 47 07;E 039 24
baltiysk;N 54 38;E 019 56
jeisk;N 46 44;E 038 16
kaliningrad;N 54 38;E 020 17
kavkaz;N 45 20;E 036 40
kronshtadt;N 59 60;E 029 45
lomonosov;N 59 55;E 029 46
murmansk;N 68 59;E 033 04
nakhodka%20;N 42 48;E 132 53
novorossiysk;N 44 43;E 037 49
primorsk;N 60 20;E 028 43
rostov;N 47 12;E 039 40
shakhtersk;N 49 10;E 142 03
slavyanka;N 42 52;E 131 24
sovetskaya%20gavan;N 48 59;E 140 17
STPETERSBURG;N 59 55;E 030 17
taganrog;N 47 12;E 038 57
taman;N 45 07;E 036 40
temryuk;N 45 20;E 037 22
tuapse;N 44 05;E 039 04
ustluga;N 59 41;E 028 22
vanino;N 49 06;E 140 19
vladivostok;N 43 06;E 131 54
vostochny;N 42 44;E 133 03
vrangel;N 42 43;E 133 04
vysotsk;N 60 37;E 028 34
basseterre;N 17 17;W 062 43
charlestown;N 17 07;W 062 38
christopheharbourmarina;N 17 15;W 062 39
castries;N 14 01;W 060 60
aljubail;N 27 02;E 049 40
dammam;N 26 30;E 050 12
jeddah;N 21 29;E 039 09
kingabdullahport;N 22 31;E 039 06
qadimah;N 22 20;E 039 06
rabigh;N 22 44;E 039 00
yanbu;N 23 60;E 038 10
Dakar;N 14 41;W 017 26
victoria;S 04 38;E 055 28
freetown;N 08 29;W 013 13
loyang;N 01 23;E 103 58
sembawang;N 01 28;E 103 50
singapore;N 01 15;E 103 44
bratislava;N 48 08;E 017 08
berbera;N 10 26;E 044 60
mogadishu;N 02 02;E 045 21
saylac;N 11 21;E 043 29
capetown;S 33 55;E 018 26
DURBAN;S 29 53;E 031 02
eastlondon;S 33 02;E 027 54
houtbay;S 34 03;E 018 21
mosselbay;S 34 11;E 022 09
ngqura;S 33 48;E 025 41
PORTELIZABETH;S 33 58;E 025 38
portnolloth;S 29 16;E 016 52
richardsbay;S 28 49;E 032 04
sainthelenabay;S 32 45;E 018 01
saldanha;S 33 01;E 017 59
anjeong;N 34 57;E 128 26
busan;N 35 06;E 129 04
busan%20new%20port;N 35 04;E 128 48
daesanseosan;N 37 01;E 126 23
dangjin;N 37 00;E 126 39
gohyeon;N 34 54;E 128 37
gunsan;N 35 59;E 126 38
gwangyang;N 34 56;E 127 41
incheon;N 37 26;E 126 39
mokpo;N 34 47;E 126 24
okpo;N 34 53;E 128 42
Pohang;N 36 02;E 129 24
pyeongtaek;N 36 57;E 126 50
taean;N 36 55;E 126 14
ulsan;N 35 28;E 129 24
yeongheung;N 37 14;E 126 27
Yeosu;N 34 48;E 127 42
alcanar;N 40 34;E 000 33
ALGECIRAS;N 36 08;W 005 26
alicante;N 38 20;W 000 30
arrecife;N 28 58;W 013 32
aviles;N 43 35;W 005 55
barcelona;N 41 20;E 002 09
bilbao;N 43 19;W 003 01
blanes;N 41 40;E 002 48
cadiz;N 36 31;W 006 16
campamento;N 36 10;W 005 22
cangasdemorrazo;N 42 16;W 008 44
caraminal;N 42 36;W 008 56
carboneras;N 36 58;W 001 54
cartagenaspain;N 37 35;W 000 58
CARTEYAGUADARRANQUE;N 36 10;W 005 24
castellon;N 39 58;E 000 01
CEUTA;N 35 54;W 005 19
denia;N 38 51;E 000 07
elferrol;N 43 29;W 008 13
gandia;N 38 60;W 000 09
gijon;N 43 34;W 005 42
huelva;N 37 12;W 006 56
ibiza;N 38 55;E 001 27
lacoruna;N 43 22;W 008 24
lasavina;N 38 44;E 001 25
laspalmas;N 28 08;W 015 25
loscristianos;N 28 03;W 016 43
malaga;N 36 42;W 004 25
motril;N 36 43;W 003 31
palma;N 39 33;E 002 38
portandraitx;N 39 33;E 002 23
puertodelrosario;N 28 30;W 013 51
puertomarin;N 42 24;W 008 42
puertoportal;N 39 32;E 002 34
ribeira;N 42 34;W 008 59
sagunto;N 39 39;W 000 13
sansebastiangomera;N 28 05;W 017 07
santacruzdetenerife;N 28 28;W 016 14
santaeulaliadelrio;N 38 59;E 001 32
SANTANDER;N 43 26;W 003 49
santantoni;N 38 59;E 001 18
sanxenxo;N 42 24;W 008 48
sevilla;N 37 21;W 005 60
tarifa;N 36 01;W 005 36
tarragona;N 41 06;E 001 13
torrevieja;N 37 58;W 000 41
valencia;N 39 26;W 000 19
vigo;N 42 15;W 008 42
vilanova;N 41 13;E 001 44
colombo;N 06 57;E 079 51
galle;N 06 02;E 080 14
portsudan;N 19 36;E 037 14
ahus;N 55 56;E 014 19
angelholm;N 56 16;E 012 50
brofjorden;N 58 21;E 011 25
falkenberg;N 56 54;E 012 29
faeroesund;N 57 52;E 019 03
fotoe;N 57 40;E 011 40
frederikstad;N 59 12;E 010 56
gaevle;N 60 41;E 017 14
glommen;N 56 56;E 012 21
GOTHENBURG;N 57 42;E 011 54
grums;N 59 20;E 013 07
hallstavik;N 60 04;E 018 35
halmstad;N 56 40;E 012 51
haernoesand;N 62 38;E 017 56
helsingborg;N 56 02;E 012 42
hoenoe;N 57 41;E 011 39
hudiksvall;N 61 43;E 017 07
husumsweden;N 63 19;E 019 10
iggesund;N 61 37;E 017 08
kalmar;N 56 40;E 016 22
kapellskar;N 59 43;E 019 04
kappelshamn;N 56 09;E 014 51
karlsborg;N 65 50;E 023 12
karlshamn;N 56 09;E 014 51
karlskrona;N 56 10;E 015 36
karlstad;N 59 21;E 013 29
kristinehamn;N 59 19;E 014 05
kubikenborg;N 62 22;E 017 22
kungshamn;N 58 21;E 011 14
landskrona;N 55 52;E 012 50
lidkoping;N 58 31;E 013 10
lulea;N 65 34;E 022 12
lysekil;N 58 16;E 011 27
MALMO;N 55 37;E 012 59
mariestad;N 58 43;E 013 49
marstrand;N 57 53;E 011 35
norrkoping;N 58 37;E 016 13
norrsundet;N 60 56;E 017 09
nygard;N 57 03;E 012 16
nynashamn;N 58 54;E 017 57
oeckero;N 57 42;E 011 40
oernskoeldsvik;N 63 16;E 018 45
oskarshamn;N 57 16;E 016 28
oestrand;N 62 29;E 017 20
oxelosund;N 58 40;E 017 07
pitea;N 65 15;E 021 31
raa;N 55 60;E 012 45
roeroe;N 57 46;E 011 37
simrishamn;N 55 33;E 014 21
skelleftehamn;N 64 40;E 021 15
skillinge;N 55 28;E 014 17
skutskaer;N 60 39;E 017 24
slitegotland;N 57 43;E 018 48
soderhamn;N 61 18;E 017 07
sodramonsteras;N 57 06;E 016 33
soedertaelje;N 59 11;E 017 39
soelvesborg;N 56 02;E 014 35
soraker;N 62 30;E 017 30
stenungsund;N 58 05;E 011 49
stockholm;N 59 19;E 018 04
stockvik;N 62 20;E 017 22
stromstad;N 58 56;E 011 10
sundsvall;N 62 24;E 017 21
TRELLEBORG;N 55 22;E 013 09
tunadal;N 62 27;E 017 23
uddevalla;N 58 20;E 011 53
umea;N 63 45;E 020 19
vallvik;N 61 12;E 017 09
vanersborg;N 58 23;E 012 19
varberg;N 57 07;E 012 15
vasteras;N 59 36;E 016 34
vaestervik;N 57 45;E 016 40
videbergshamn;N 57 15;E 012 07
visby;N 57 38;E 018 17
vrango;N 57 34;E 011 47
wallhamn;N 58 00;E 011 42
ystad;N 55 25;E 013 49
basel;N 47 34;E 007 38
lattakia;N 35 32;E 035 46
tartus;N 34 54;E 035 52
anping;N 22 59;E 120 10
kaohsiung;N 22 34;E 120 18
keelung;N 25 09;E 121 45
mailiao;N 23 47;E 120 12
taichung;N 24 15;E 120 30
teipei;N 25 09;E 121 23
yungan;N 22 50;E 120 12
daressalaam;S 06 50;E 039 18
mtwara;S 10 16;E 040 12
zanzibar;S 06 09;E 039 12
bangkok;N 13 23;E 100 45
kosichang;N 13 09;E 100 49
laemchabang%20;N 13 07;E 100 54
maptaphut;N 12 39;E 101 09
phuket;N 07 57;E 098 24
rayong;N 12 39;E 101 18
sattahip;N 12 38;E 100 55
songkhla;N 07 13;E 100 35
lome;N 06 08;E 001 17
guayaguayare;N 10 08;W 061 00
La%20Brea;N 10 15;W 061 38
laretraite;N 10 41;W 061 38
pointfortin;N 10 12;W 061 42
pointlisas;N 10 24;W 061 29
portofspain;N 10 39;W 061 31
scarborough;N 11 11;W 060 44
bizerte;N 37 15;E 009 52
didonterm;N 33 50;E 011 56
gabes;N 33 55;E 010 06
menzelbourguiba;N 37 09;E 009 49
monastir;N 35 45;E 010 50
sfax;N 34 43;E 010 46
sousse;N 35 49;E 010 39
tunis;N 36 48;E 010 17
zarzis;N 33 29;E 011 07
aliagat;N 38 49;E 026 57
altinova;N 40 43;E 029 29
bandirma;N 40 22;E 027 56
bartin;N 41 41;E 032 14
canakkale;N 40 09;E 026 24
Ceyhan;N 36 52;E 035 56
dikili;N 39 04;E 026 53
doertyol;N 36 49;E 036 11
eregli;N 41 16;E 031 25
gebze;N 40 47;E 029 34
gemlik;N 40 25;E 029 06
hopa;N 41 25;E 041 26
icdas;N 40 26;E 027 05
iskenderun;N 36 40;E 036 12
ISTANBUL;N 40 56;E 028 58
izmir;N 38 27;E 027 08
izmit;N 40 46;E 029 43
kyme;N 38 46;E 026 56
marmara%20ereglisi;N 40 59;E 027 57
mersin;N 36 48;E 034 39
mudanya;N 40 22;E 028 54
samsun;N 41 18;E 036 21
saraylar;N 40 39;E 027 40
tekirdag;N 40 58;E 027 31
trabzon;N 41 00;E 039 44
tuzla;N 40 51;E 029 15
zonguldak;N 41 27;E 031 47
providenciales;N 21 44;W 072 16
berdiansk;N 46 43;E 036 47
dneprobugskiy;N 46 46;E 031 56
illichevsk;N 46 20;E 030 39
ismajil;N 45 19;E 028 51
kerch;N 45 19;E 036 27
kherson;N 46 36;E 032 34
mariupol;N 47 03;E 037 30
mykolayiv;N 46 56;E 031 59
nikolayev;N 46 51;E 031 59
ochakiv;N 46 37;E 031 34
odessa;N 46 30;E 030 45
sevastopol;N 44 36;E 033 31
yuzhny;N 46 38;E 031 01
abu%20dhabi;N 24 27;E 054 24
ajman;N 25 25;E 055 28
alhamriyaport;N 25 28;E 055 30
aljazirat;N 25 43;E 055 48
arruways;N 24 09;E 052 43
burjalarabmarina;N 25 09;E 055 11
dasisland;N 25 08;E 052 54
dubai;N 25 19;E 055 19
fujairah;N 25 11;E 056 22
jebelali;N 25 01;E 055 01
khalifa;N 24 47;E 054 41
khorfakkan;N 25 21;E 056 22
minasaqr;N 25 59;E 056 03
rakmaritimecity;N 25 57;E 056 03
rasalkhaimah;N 25 48;E 055 57
sharjah;N 25 28;E 055 30
sirbaniyas;N 24 17;E 052 37
ABERDEEN;N 57 09;W 002 05
avonmouth;N 51 30;W 002 43
bangor;N 54 40;W 005 40
barrowinfurness;N 54 06;W 003 13
barry;N 51 24;W 003 16
belfast;N 54 37;W 005 53
berwickupontweed;N 55 46;W 002 01
birkenhead;N 53 24;W 003 02
blyth;N 55 08;W 001 31
bphambleterm;N 50 51;W 001 20
brightlingsea;N 51 48;E 001 01
bristoluk;N 51 30;W 002 42
brixham;N 50 24;W 003 31
bromborough;N 53 21;W 002 59
burntisland;N 56 03;W 003 14
cairnryan;N 54 58;W 005 01
cardiff;N 51 28;W 003 10
CHATHAM;N 51 24;E 000 32
cliffe;N 51 28;E 000 27
CORYTON;N 51 31;E 000 30
cowes;N 50 45;W 001 17
dagenham;N 51 31;E 000 07
denton;N 50 47;E 000 03
dover;N 51 07;E 001 20
dundee;N 56 28;W 002 57
eastham;N 53 19;W 002 57
edinburgh;N 55 59;W 003 11
ellesmere;N 53 18;W 002 53
erith;N 51 29;E 000 11
fairlie;N 55 46;W 004 52
falmouth;N 50 09;W 005 04
faslane;N 56 04;W 004 49
fawley;N 50 50;W 001 20
felixstowe;N 51 57;E 001 18
finnartoilterm;N 56 07;W 004 50
flotta;N 58 50;W 003 08
fraserburgh%20harbour;N 57 42;W 001 60
garston;N 53 21;W 002 54
GIBRALTAR;N 36 08;W 005 22
glasgow;N 55 53;W 004 21
goole;N 53 42;W 000 53
grangemouth;N 56 02;W 003 43
GRAVESEND;N 51 27;E 000 23
greatyarmouth;N 52 35;E 001 45
greenock;N 55 57;W 004 44
grimsby;N 53 34;W 000 04
gunness;N 53 36;W 000 43
hartlepool;N 54 42;W 001 12
harwich;N 51 57;E 001 16
heysham;N 54 02;W 002 55
holyhead;N 53 20;W 004 37
houndpoint;N 56 02;W 003 19
hughtown;N 49 55;W 006 19
humber;N 53 42;W 000 22
immingham;N 53 39;W 000 12
ipswich;N 52 02;E 001 09
Jerseyuk;N 49 11;W 002 07
kingstonuponhull;N 53 44;W 000 17
kirkwall;N 58 59;W 002 58
larne;N 54 51;W 005 48
leighton;N 53 44;W 000 51
lerwick;N 60 10;W 001 09
liverpool;N 53 26;W 003 00
LONDON;N 51 30;W 000 03
londonderry;N 55 05;W 007 07
lowestoft;N 52 28;E 001 44
lymington;N 50 45;W 001 32
milfordhaven;N 51 42;W 005 01
mistley;N 51 57;E 001 05
mossbank;N 60 28;W 001 12
mostyn;N 53 19;W 003 16
newportuk;N 51 33;W 002 59
NORTHFLEET;N 51 27;E 000 20
oban;N 56 25;W 005 29
penzance;N 50 07;W 005 32
plymouth;N 50 23;W 004 09
poole;N 50 43;W 001 59
portlanduk;N 50 34;W 002 26
portsmouth;N 50 49;W 001 07
porttalbot;N 51 35;W 003 48
PURFLEET;N 51 28;E 000 16
ramsgate;N 51 20;E 001 25
rosyth;N 56 01;W 003 27
runcorn;N 53 20;W 002 45
scapaflow;N 58 53;W 003 05
scarboroughuk;N 54 17;W 000 23
sharpness;N 51 43;W 002 29
SHEERNESS;N 51 27;E 000 44
shoreham;N 50 50;W 000 14
southampton;N 50 54;W 001 25
southshields;N 54 60;W 001 26
southstifford;N 51 28;E 000 18
stanlow;N 53 17;W 002 51
stpeterport;N 49 27;W 002 32
stromness;N 58 58;W 003 18
sullomvoe;N 60 27;W 001 17
sunderland;N 54 55;W 001 23
swansea;N 51 37;W 003 55
symbister;N 60 21;W 001 02
teesport;N 54 37;W 001 11
THAMESPORT;N 51 26;E 000 41
TILBURY;N 51 28;E 000 22
tyne;N 54 59;W 001 32
ulsta;N 60 30;W 001 09
weymouth;N 50 36;W 002 27
yarmouth;N 50 42;W 001 30
albany;N 42 36;W 073 45
alexandriala;N 31 20;W 092 29
anacortes;N 48 30;W 122 37
anchorage;N 61 14;W 149 54
annapolis;N 38 59;W 076 29
astoria;N 46 12;W 123 49
baltimore;N 39 13;W 076 33
batonrouge;N 30 26;W 091 11
beaumont;N 30 04;W 094 04
bellingham;N 48 44;W 122 30
bigbend;N 27 48;W 082 24
boston;N 42 21;W 071 01
breakwater;N 38 47;W 075 07
bremerton;N 47 33;W 122 39
bridgeportct;N 41 10;W 073 10
bristolus;N 41 40;W 071 17
brownsville;N 26 00;W 097 18
brunswick;N 31 06;W 081 27
cairoilusa;N 37 01;W 089 10
cameron;N 29 48;W 093 20
capegirardeau;N 37 17;W 089 30
channahonil;N 41 25;W 088 12
charleston;N 32 49;W 079 53
charlestonoregon;N 43 21;W 124 19
cheboygan;N 45 39;W 084 28
chicago;N 41 45;W 087 37
cincinnati;N 39 07;W 084 34
clarksvilletn;N 36 31;W 087 22
clatskanieor;N 46 11;W 123 11
cleveland;N 41 30;W 081 41
coeymans;N 42 29;W 073 47
coosbay;N 43 23;W 124 12
corpuschristi;N 27 45;W 097 17
decatural;N 34 38;W 087 01
detroit;N 42 13;W 083 03
duluth;N 46 44;W 092 06
dutchharbor;N 53 53;W 166 32
evansvillein;N 37 58;W 087 35
everettwa;N 47 59;W 122 13
fallriverr;N 41 42;W 071 11
ferndale;N 48 51;W 122 44
fortlauderdale;N 26 05;W 080 08
freeport;N 28 56;W 095 20
fridayharbour;N 48 32;W 123 00
galveston;N 29 19;W 094 48
gloucester;N 42 37;W 070 39
goldenmeadow;N 29 23;W 090 16
greenville%20(mississippi,%20US);N 33 24;W 091 08
groton;N 41 21;W 072 05
gulfport;N 30 21;W 089 05
hilo;N 19 44;W 155 04
honolulu;N 21 19;W 157 54
houma;N 29 34;W 090 42
houston;N 29 38;W 095 04
huntsvilleal;N 34 34;W 086 33
iberia;N 29 56;W 091 50
intracoastalcity;N 29 47;W 092 09
jacksonville;N 30 24;W 081 28
jamestown;N 41 30;W 071 22
kahului;N 21 19;W 158 07
kalama;N 46 02;W 122 52
keywest;N 24 33;W 081 46
krotzsprings;N 30 32;W 091 44
lakecharles;N 30 07;W 093 17
larose;N 29 34;W 090 23
lemont;N 41 40;W 088 01
lewes;N 38 47;W 075 10
little%20rock;N 34 45;W 092 15
longview;N 46 07;W 122 58
losangeles;N 33 45;W 118 12
louisville;N 38 15;W 085 46
manatee;N 27 38;W 082 34
matagorda;N 28 39;W 096 03
memphis;N 35 06;W 090 08
miami;N 25 46;W 080 12
milwaukee;N 43 01;W 087 54
usmob;N 30 38;W 088 01
moreheadcity;N 34 43;W 076 42
morgancity;N 29 40;W 091 10
nashvilletn;N 36 14;W 086 45
natchez;N 31 35;W 091 25
newbedford;N 41 38;W 070 55
newburgh;N 41 29;W 074 00
newhaven;N 41 17;W 072 54
newlondon;N 41 21;W 072 06
neworleans;N 29 47;W 089 56
newportbeach;N 33 36;W 117 54
newportoregon;N 44 38;W 124 03
newportus;N 41 29;W 071 20
newyork;N 40 40;W 074 05
nikiski;N 60 42;W 151 21
norfolk;N 36 54;W 076 13
oakland;N 37 48;W 122 17
olympia;N 47 03;W 122 55
orangetx;N 30 05;W 093 44
paducah;N 37 05;W 088 35
palmbeach;N 26 48;W 080 04
panamacity;N 30 09;W 085 42
pascagoula;N 30 21;W 088 32
pearlharbour;N 21 21;W 157 58
pensacola;N 30 22;W 087 09
philadelphia;N 39 48;W 075 19
pittsburgh;N 40 26;W 080 00
pointcomfort;N 28 39;W 096 34
portangeles;N 48 08;W 123 26
portarthur;N 29 51;W 093 55
portcanaveral;N 28 25;W 080 33
portfourchon;N 29 07;W 090 11
hueneme;N 34 09;W 119 13
porthuron;N 42 57;W 082 25
portisabel;N 26 04;W 097 12
portland;N 43 38;W 070 15
portlandoregon;N 45 35;W 122 42
portlavaca;N 28 37;W 096 37
portnechestx;N 30 01;W 093 58
portoconnor;N 28 24;W 096 29
portsmouthnh;N 43 06;W 070 46
providence;N 41 48;W 071 23
quincy;N 42 14;W 070 58
redriverlanding;N 30 59;W 091 40
roxanail;N 38 51;W 090 07
saintlouis;N 38 36;W 090 12
sandiego;N 32 39;W 117 15
sanfrancisco;N 37 48;W 122 24
savannah;N 31 60;W 080 58
seattle;N 47 40;W 122 34
solomons;N 38 20;W 076 27
staugustine;N 29 54;W 081 18
stockton;N 37 57;W 121 20
st.%20petersburg%20(florida);N 27 46;W 082 38
stthomas;N 18 20;W 064 56
tacoma;N 47 16;W 122 24
tampa;N 27 56;W 082 26
texascity;N 29 22;W 094 54
toledo;N 41 41;W 083 28
valdez;N 61 06;W 146 24
vancouverwa;N 45 39;W 122 41
venicelouisiana;N 29 16;W 089 20
vicksburg;N 32 19;W 090 55
victoriatx;N 28 41;W 096 58
westhaven;N 41 17;W 072 55
wilmington;N 34 10;W 077 56
yonkers;N 40 56;W 073 54
limetreebay;N 17 42;W 064 45
montevideo;S 34 54;W 056 13
altagracia;N 10 45;W 071 32
amuaybay;N 11 45;W 070 15
cabimas;N 10 22;W 071 27
elpalito;N 10 29;W 068 07
guiria;N 10 34;W 062 18
joseterminal;N 10 06;W 064 52
maracaibo;N 10 36;W 071 37
moron;N 10 30;W 068 09
puertocabello;N 10 29;W 067 60
puertolacruz;N 10 14;W 064 39
puerto%20ordaz;N 08 20;W 062 45
puntacardon;N 11 37;W 070 14
puntofijo;N 11 41;W 070 14
danang;N 16 07;E 108 14
haiphong;N 20 54;E 106 40
hochiminh;N 10 43;E 106 46
phumy;N 10 35;E 107 01
aden;N 12 49;E 044 56
hodeidah;N 14 50;E 042 56
